,asset,free,locked
236,IDRT,0.00,0.00
244,BIDR,0.00,0.00
368,BVND,0.00,0.00
420,SHIB,20.00,0.00
441,XEC,0.00,0.00
495,BTTC,0.0,0.0
500,ALPINE,1.00000000,0.00000000
538,PEPE,0.00,0.00
539,FLOKI,0.00,0.00
559,1000SATS,0.00,0.00
560,BONK,0.00,0.00
